question,answer
Yapay zeka nedir?,"Yapay zeka, bilgisayarlarÄ±n insan benzeri dÃ¼ÅŸÃ¼nme, Ã¶ÄŸrenme ve problem Ã§Ã¶zme yeteneklerini kazandÄ±ÄŸÄ± bilim ve teknolojidir. ğŸ”

Ã–zellikleri:
â€¢ Problem Ã§Ã¶zme
â€¢ Ã–ÄŸrenme
â€¢ Planlama
â€¢ Anlama ve yorumlama"
Makine Ã¶ÄŸrenmesi nasÄ±l Ã§alÄ±ÅŸÄ±r?,"Makine Ã¶ÄŸrenmesi, verilerden otomatik olarak Ã¶ÄŸrenen algoritmalar bÃ¼tÃ¼nÃ¼dÃ¼r. Temel aÅŸamalarÄ±:
1ï¸âƒ£ Veri toplama
2ï¸âƒ£ Model eÄŸitimi
3ï¸âƒ£ DeÄŸerlendirme
4ï¸âƒ£ Tahmin ve uygulama"
Derin Ã¶ÄŸrenme nedir?,"Derin Ã¶ÄŸrenme, yapay sinir aÄŸlarÄ±nÄ±n Ã§ok katmanlÄ± versiyonlarÄ±yla karmaÅŸÄ±k problemleri Ã§Ã¶zmeyi amaÃ§layan makine Ã¶ÄŸrenmesi dalÄ±dÄ±r.

Ã–zellikleri:
â€¢ Ã‡ok katmanlÄ± yapÄ± (Ã¶rneÄŸin, CNN, RNN)
â€¢ Ã–zellik Ã§Ä±karÄ±mÄ± otomatik
â€¢ BÃ¼yÃ¼k veri gerektirir"
DoÄŸal dil iÅŸleme (NLP) ne demektir?,"DoÄŸal Dil Ä°ÅŸleme (NLP), bilgisayarlarÄ±n insan dilini anlama, analiz etme ve Ã¼retme yeteneÄŸidir. Ã–rnek uygulamalar:
â€¢ Chatbotlar ğŸ¤–
â€¢ Metin sÄ±nÄ±flandÄ±rma
â€¢ Makine Ã§evirisi"
Python yapay zeka iÃ§in neden popÃ¼ler?,"Python, yapay zeka iÃ§in popÃ¼lerdir Ã§Ã¼nkÃ¼:
âœ”ï¸ Basit ve okunabilir sÃ¶zdizimi
âœ”ï¸ GeniÅŸ kÃ¼tÃ¼phane desteÄŸi (TensorFlow, PyTorch, scikit-learn)
âœ”ï¸ BÃ¼yÃ¼k topluluk desteÄŸi"
Veri Ã¶n iÅŸleme neden Ã¶nemlidir?,"Veri Ã¶n iÅŸleme, modelin baÅŸarÄ±sÄ± iÃ§in kritik Ã¶nemdedir:
â€¢ Eksik verilerin dÃ¼zeltilmesi
â€¢ Verilerin normalize edilmesi
â€¢ GÃ¼rÃ¼ltÃ¼lerin temizlenmesi
â€¢ Ã–zellik mÃ¼hendisliÄŸi ğŸ”§"
Yapay zeka tÃ¼rleri nelerdir?,"Yapay zeka tÃ¼rleri:
â€¢ Dar (ZayÄ±f) Yapay Zeka: Belirli gÃ¶revleri yapar
â€¢ Genel (GÃ¼Ã§lÃ¼) Yapay Zeka: Ä°nsan gibi dÃ¼ÅŸÃ¼nebilir
â€¢ SÃ¼per Yapay Zeka: Ä°nsan zekasÄ±nÄ± aÅŸan sistemler (henÃ¼z geliÅŸtirilmedi)"
Denetimli Ã¶ÄŸrenme ile denetimsiz Ã¶ÄŸrenme arasÄ±ndaki fark nedir?,"Denetimli Ã¶ÄŸrenme:
â€¢ Etiketli veri kullanÄ±lÄ±r
â€¢ SÄ±nÄ±flandÄ±rma ve regresyon problemleri

Denetimsiz Ã¶ÄŸrenme:
â€¢ Etiketsiz veri ile Ã§alÄ±ÅŸÄ±r
â€¢ KÃ¼meleme ve boyut indirgeme"
Yapay sinir aÄŸlarÄ± nasÄ±l Ã§alÄ±ÅŸÄ±r?,"Yapay sinir aÄŸlarÄ±, biyolojik sinir hÃ¼crelerinden esinlenen yapay katmanlardan oluÅŸur. Her katmanda aÄŸÄ±rlÄ±klar ve aktivasyon fonksiyonlarÄ± vardÄ±r. Girdi katmanÄ±ndan Ã§Ä±kÄ±ÅŸ katmanÄ±na doÄŸru bilgi iletilir ve model Ã¶ÄŸrenir."
Overfitting nedir ve nasÄ±l Ã¶nlenir?,"Overfitting, modelin eÄŸitim verisine aÅŸÄ±rÄ± uyum saÄŸlamasÄ±dÄ±r, bu da genelleme performansÄ±nÄ± dÃ¼ÅŸÃ¼rÃ¼r.

Ã–nleme yÃ¶ntemleri:
â€¢ Daha fazla veri
â€¢ DÃ¼zenlileÅŸtirme (Regularization)
â€¢ Erken durdurma (Early stopping)
â€¢ Dropout"
